﻿<?xml version="1.0" encoding="utf-8"?>

<Deployment xmlns="http://schemas.microsoft.com/windowsphone/2012/deployment" AppPlatformVersion="8.0">
  <DefaultLanguage xmlns="" code="en-US"/>
  <App xmlns="" ProductID="{ffb89929-1ff2-4b96-befc-66793dc995fd}" Title="Catel.WP8.Application1" RuntimeType="Silverlight" Version="1.0.0.0" Genre="apps.normal" Author="Catel.WP8.Application1 author" Description="Sample description" Publisher="Catel.WP8.Application1" PublisherID="{2e414e95-2dee-4298-a4e7-dfa322032de9}">
    <IconPath IsRelative="true" IsResource="false">Resources\Images\ApplicationIcon.png</IconPath>
    <Capabilities>
      <Capability Name="ID_CAP_NETWORKING"/>
      <Capability Name="ID_CAP_MEDIALIB_AUDIO"/>
      <Capability Name="ID_CAP_MEDIALIB_PLAYBACK"/>
      <Capability Name="ID_CAP_SENSORS"/>
      <Capability Name="ID_CAP_WEBBROWSERCOMPONENT"/>
    </Capabilities>
    <Tasks>
      <DefaultTask  Name ="_default" NavigationPage="/Views/MainPage.xaml"/>
    </Tasks>
    <Tokens>
      <PrimaryToken TokenID="Catel.WP8.Application1Token" TaskName="_default">
        <TemplateFlip>
          <SmallImageURI IsRelative="true" IsResource="false">Resources\Images\FlipCycleTileSmall.png</SmallImageURI>
		  <Count>0</Count>
          <BackgroundImageURI IsRelative="true" IsResource="false">Resources\Images\FlipCycleTileMedium.png</BackgroundImageURI>
          <Title>Catel.WP8.Application1</Title>
          <BackContent></BackContent>
          <BackBackgroundImageURI></BackBackgroundImageURI>
          <BackTitle></BackTitle>
          <DeviceLockImageURI></DeviceLockImageURI>
          <HasLarge></HasLarge>
        </TemplateFlip>
      </PrimaryToken>	  
    </Tokens>
    <ScreenResolutions>
      <ScreenResolution Name="ID_RESOLUTION_WVGA"/>
      <ScreenResolution Name="ID_RESOLUTION_WXGA"/>
      <ScreenResolution Name="ID_RESOLUTION_HD720P"/>
    </ScreenResolutions>	
  </App>
</Deployment>
